processus;arrival time;burst time;total arrival time;waiting time;relative delay;response time
1;0.000000;2.000000;2.000000;0.000000;1.000000;0.000000
2;4.000000;2.000000;0.000000;-2.000000;0.000000;0.000000
1;2.000000;1.000000;5.000000;4.000000;5.000000;0.000000
